char_idx,char,top_left_x,top_left_y,width,height,char_idx_in_line,line_idx,page,word_idx,word_idx_in_line,word
0,T,81,89.0,14,33,0,0,page_1,0,0,This
1,h,95,89.0,14,33,1,0,page_1,0,0,This
2,i,109,89.0,14,33,2,0,page_1,0,0,This
3,s,123,89.0,14,33,3,0,page_1,0,0,This
4, ,137,89.0,14,33,4,0,page_1,0,0,
5,w,151,89.0,14,33,5,0,page_1,1,1,was
6,a,165,89.0,14,33,6,0,page_1,1,1,was
7,s,179,89.0,14,33,7,0,page_1,1,1,was
8, ,193,89.0,14,33,8,0,page_1,1,1,
9,t,207,89.0,14,33,9,0,page_1,2,2,the
10,h,221,89.0,14,33,10,0,page_1,2,2,the
11,e,235,89.0,14,33,11,0,page_1,2,2,the
12, ,249,89.0,14,33,12,0,page_1,2,2,
13,h,263,89.0,14,33,13,0,page_1,3,3,happy
14,a,277,89.0,14,33,14,0,page_1,3,3,happy
15,p,291,89.0,14,33,15,0,page_1,3,3,happy
16,p,305,89.0,14,33,16,0,page_1,3,3,happy
17,y,319,89.0,14,33,17,0,page_1,3,3,happy
18, ,333,89.0,14,33,18,0,page_1,3,3,
19,s,347,89.0,14,33,19,0,page_1,4,4,side
20,i,361,89.0,14,33,20,0,page_1,4,4,side
21,d,375,89.0,14,33,21,0,page_1,4,4,side
22,e,389,89.0,14,33,22,0,page_1,4,4,side
23, ,403,89.0,14,33,23,0,page_1,4,4,
24,o,417,89.0,14,33,24,0,page_1,5,5,of
25,f,431,89.0,14,33,25,0,page_1,5,5,of
26, ,445,89.0,14,33,26,0,page_1,5,5,
27,t,459,89.0,14,33,27,0,page_1,6,6,the
28,h,473,89.0,14,33,28,0,page_1,6,6,the
29,e,487,89.0,14,33,29,0,page_1,6,6,the
30, ,501,89.0,14,33,30,0,page_1,6,6,
31,h,515,89.0,14,33,31,0,page_1,7,7,"house,"
32,o,529,89.0,14,33,32,0,page_1,7,7,"house,"
33,u,543,89.0,14,33,33,0,page_1,7,7,"house,"
34,s,557,89.0,14,33,34,0,page_1,7,7,"house,"
35,e,571,89.0,14,33,35,0,page_1,7,7,"house,"
36,",",585,89.0,14,33,36,0,page_1,7,7,"house,"
37, ,599,89.0,14,33,37,0,page_1,7,7,
38,f,613,89.0,14,33,38,0,page_1,8,8,for
39,o,627,89.0,14,33,39,0,page_1,8,8,for
40,r,641,89.0,14,33,40,0,page_1,8,8,for
41, ,655,89.0,14,33,41,0,page_1,8,8,
42,t,669,89.0,14,33,42,0,page_1,9,9,the
43,h,683,89.0,14,33,43,0,page_1,9,9,the
44,e,697,89.0,14,33,44,0,page_1,9,9,the
45, ,711,89.0,14,33,45,0,page_1,9,9,
46,s,725,89.0,14,33,46,0,page_1,10,10,south
47,o,739,89.0,14,33,47,0,page_1,10,10,south
48,u,753,89.0,14,33,48,0,page_1,10,10,south
49,t,767,89.0,14,33,49,0,page_1,10,10,south
50,h,781,89.0,14,33,50,0,page_1,10,10,south
51, ,795,89.0,14,33,51,0,page_1,10,10,
52,a,809,89.0,14,33,52,0,page_1,11,11,and
53,n,823,89.0,14,33,53,0,page_1,11,11,and
54,d,837,89.0,14,33,54,0,page_1,11,11,and
55, ,851,89.0,14,33,55,0,page_1,11,11,
56,e,865,89.0,14,33,56,0,page_1,12,12,east
57,a,879,89.0,14,33,57,0,page_1,12,12,east
58,s,893,89.0,14,33,58,0,page_1,12,12,east
59,t,907,89.0,14,33,59,0,page_1,12,12,east
60, ,921,89.0,14,33,60,0,page_1,12,12,
61,l,935,89.0,14,33,61,0,page_1,13,13,looked
62,o,949,89.0,14,33,62,0,page_1,13,13,looked
63,o,963,89.0,14,33,63,0,page_1,13,13,looked
64,k,977,89.0,14,33,64,0,page_1,13,13,looked
65,e,991,89.0,14,33,65,0,page_1,13,13,looked
66,d,1005,89.0,14,33,66,0,page_1,13,13,looked
67, ,1019,89.0,14,33,67,0,page_1,13,13,
68,r,1033,89.0,14,33,68,0,page_1,14,14,rather
69,a,1047,89.0,14,33,69,0,page_1,14,14,rather
70,t,1061,89.0,14,33,70,0,page_1,14,14,rather
71,h,1075,89.0,14,33,71,0,page_1,14,14,rather
72,e,1089,89.0,14,33,72,0,page_1,14,14,rather
73,r,1103,89.0,14,33,73,0,page_1,14,14,rather
74,m,81,184.7,14,33,0,1,page_1,15,0,melancholy
75,e,95,184.7,14,33,1,1,page_1,15,0,melancholy
76,l,109,184.7,14,33,2,1,page_1,15,0,melancholy
77,a,123,184.7,14,33,3,1,page_1,15,0,melancholy
78,n,137,184.7,14,33,4,1,page_1,15,0,melancholy
79,c,151,184.7,14,33,5,1,page_1,15,0,melancholy
80,h,165,184.7,14,33,6,1,page_1,15,0,melancholy
81,o,179,184.7,14,33,7,1,page_1,15,0,melancholy
82,l,193,184.7,14,33,8,1,page_1,15,0,melancholy
83,y,207,184.7,14,33,9,1,page_1,15,0,melancholy
84, ,221,184.7,14,33,10,1,page_1,15,0,
85,e,235,184.7,14,33,11,1,page_1,16,1,even
86,v,249,184.7,14,33,12,1,page_1,16,1,even
87,e,263,184.7,14,33,13,1,page_1,16,1,even
88,n,277,184.7,14,33,14,1,page_1,16,1,even
89, ,291,184.7,14,33,15,1,page_1,16,1,
90,u,305,184.7,14,33,16,1,page_1,17,2,under
91,n,319,184.7,14,33,17,1,page_1,17,2,under
92,d,333,184.7,14,33,18,1,page_1,17,2,under
93,e,347,184.7,14,33,19,1,page_1,17,2,under
94,r,361,184.7,14,33,20,1,page_1,17,2,under
95, ,375,184.7,14,33,21,1,page_1,17,2,
96,t,389,184.7,14,33,22,1,page_1,18,3,the
97,h,403,184.7,14,33,23,1,page_1,18,3,the
98,e,417,184.7,14,33,24,1,page_1,18,3,the
99, ,431,184.7,14,33,25,1,page_1,18,3,
100,b,445,184.7,14,33,26,1,page_1,19,4,brightest
101,r,459,184.7,14,33,27,1,page_1,19,4,brightest
102,i,473,184.7,14,33,28,1,page_1,19,4,brightest
103,g,487,184.7,14,33,29,1,page_1,19,4,brightest
104,h,501,184.7,14,33,30,1,page_1,19,4,brightest
105,t,515,184.7,14,33,31,1,page_1,19,4,brightest
106,e,529,184.7,14,33,32,1,page_1,19,4,brightest
107,s,543,184.7,14,33,33,1,page_1,19,4,brightest
108,t,557,184.7,14,33,34,1,page_1,19,4,brightest
109, ,571,184.7,14,33,35,1,page_1,19,4,
110,m,585,184.7,14,33,36,1,page_1,20,5,morning.
111,o,599,184.7,14,33,37,1,page_1,20,5,morning.
112,r,613,184.7,14,33,38,1,page_1,20,5,morning.
113,n,627,184.7,14,33,39,1,page_1,20,5,morning.
114,i,641,184.7,14,33,40,1,page_1,20,5,morning.
115,n,655,184.7,14,33,41,1,page_1,20,5,morning.
116,g,669,184.7,14,33,42,1,page_1,20,5,morning.
117,.,683,184.7,14,33,43,1,page_1,20,5,morning.
118, ,697,184.7,14,33,44,1,page_1,20,5,
119,T,711,184.7,14,33,45,1,page_1,21,6,The
120,h,725,184.7,14,33,46,1,page_1,21,6,The
121,e,739,184.7,14,33,47,1,page_1,21,6,The
122, ,753,184.7,14,33,48,1,page_1,21,6,
123,g,767,184.7,14,33,49,1,page_1,22,7,grounds
124,r,781,184.7,14,33,50,1,page_1,22,7,grounds
125,o,795,184.7,14,33,51,1,page_1,22,7,grounds
126,u,809,184.7,14,33,52,1,page_1,22,7,grounds
127,n,823,184.7,14,33,53,1,page_1,22,7,grounds
128,d,837,184.7,14,33,54,1,page_1,22,7,grounds
129,s,851,184.7,14,33,55,1,page_1,22,7,grounds
130, ,865,184.7,14,33,56,1,page_1,22,7,
131,h,879,184.7,14,33,57,1,page_1,23,8,here
132,e,893,184.7,14,33,58,1,page_1,23,8,here
133,r,907,184.7,14,33,59,1,page_1,23,8,here
134,e,921,184.7,14,33,60,1,page_1,23,8,here
135, ,935,184.7,14,33,61,1,page_1,23,8,
136,w,949,184.7,14,33,62,1,page_1,24,9,were
137,e,963,184.7,14,33,63,1,page_1,24,9,were
138,r,977,184.7,14,33,64,1,page_1,24,9,were
139,e,991,184.7,14,33,65,1,page_1,24,9,were
140, ,1005,184.7,14,33,66,1,page_1,24,9,
141,m,1019,184.7,14,33,67,1,page_1,25,10,more
142,o,1033,184.7,14,33,68,1,page_1,25,10,more
143,r,1047,184.7,14,33,69,1,page_1,25,10,more
144,e,1061,184.7,14,33,70,1,page_1,25,10,more
145, ,1075,184.7,14,33,71,1,page_1,25,10,
146,c,1089,184.7,14,33,72,1,page_1,26,11,"confined,"
147,o,1103,184.7,14,33,73,1,page_1,26,11,"confined,"
148,n,1117,184.7,14,33,74,1,page_1,26,11,"confined,"
149,f,1131,184.7,14,33,75,1,page_1,26,11,"confined,"
150,i,1145,184.7,14,33,76,1,page_1,26,11,"confined,"
151,n,1159,184.7,14,33,77,1,page_1,26,11,"confined,"
152,e,1173,184.7,14,33,78,1,page_1,26,11,"confined,"
153,d,1187,184.7,14,33,79,1,page_1,26,11,"confined,"
154,",",1201,184.7,14,33,80,1,page_1,26,11,"confined,"
155,t,81,280.4,14,33,0,2,page_1,27,0,the
156,h,95,280.4,14,33,1,2,page_1,27,0,the
157,e,109,280.4,14,33,2,2,page_1,27,0,the
158, ,123,280.4,14,33,3,2,page_1,27,0,
159,f,137,280.4,14,33,4,2,page_1,28,1,flower-beds
160,l,151,280.4,14,33,5,2,page_1,28,1,flower-beds
161,o,165,280.4,14,33,6,2,page_1,28,1,flower-beds
162,w,179,280.4,14,33,7,2,page_1,28,1,flower-beds
163,e,193,280.4,14,33,8,2,page_1,28,1,flower-beds
164,r,207,280.4,14,33,9,2,page_1,28,1,flower-beds
165,-,221,280.4,14,33,10,2,page_1,28,1,flower-beds
166,b,235,280.4,14,33,11,2,page_1,28,1,flower-beds
167,e,249,280.4,14,33,12,2,page_1,28,1,flower-beds
168,d,263,280.4,14,33,13,2,page_1,28,1,flower-beds
169,s,277,280.4,14,33,14,2,page_1,28,1,flower-beds
170, ,291,280.4,14,33,15,2,page_1,28,1,
171,s,305,280.4,14,33,16,2,page_1,29,2,showed
172,h,319,280.4,14,33,17,2,page_1,29,2,showed
173,o,333,280.4,14,33,18,2,page_1,29,2,showed
174,w,347,280.4,14,33,19,2,page_1,29,2,showed
175,e,361,280.4,14,33,20,2,page_1,29,2,showed
176,d,375,280.4,14,33,21,2,page_1,29,2,showed
177, ,389,280.4,14,33,22,2,page_1,29,2,
178,n,403,280.4,14,33,23,2,page_1,30,3,no
179,o,417,280.4,14,33,24,2,page_1,30,3,no
180, ,431,280.4,14,33,25,2,page_1,30,3,
181,v,445,280.4,14,33,26,2,page_1,31,4,very
182,e,459,280.4,14,33,27,2,page_1,31,4,very
183,r,473,280.4,14,33,28,2,page_1,31,4,very
184,y,487,280.4,14,33,29,2,page_1,31,4,very
185, ,501,280.4,14,33,30,2,page_1,31,4,
186,c,515,280.4,14,33,31,2,page_1,32,5,careful
187,a,529,280.4,14,33,32,2,page_1,32,5,careful
188,r,543,280.4,14,33,33,2,page_1,32,5,careful
189,e,557,280.4,14,33,34,2,page_1,32,5,careful
190,f,571,280.4,14,33,35,2,page_1,32,5,careful
191,u,585,280.4,14,33,36,2,page_1,32,5,careful
192,l,599,280.4,14,33,37,2,page_1,32,5,careful
193, ,613,280.4,14,33,38,2,page_1,32,5,
194,t,627,280.4,14,33,39,2,page_1,33,6,"tendance,"
195,e,641,280.4,14,33,40,2,page_1,33,6,"tendance,"
196,n,655,280.4,14,33,41,2,page_1,33,6,"tendance,"
197,d,669,280.4,14,33,42,2,page_1,33,6,"tendance,"
198,a,683,280.4,14,33,43,2,page_1,33,6,"tendance,"
199,n,697,280.4,14,33,44,2,page_1,33,6,"tendance,"
200,c,711,280.4,14,33,45,2,page_1,33,6,"tendance,"
201,e,725,280.4,14,33,46,2,page_1,33,6,"tendance,"
202,",",739,280.4,14,33,47,2,page_1,33,6,"tendance,"
203, ,753,280.4,14,33,48,2,page_1,33,6,
204,a,767,280.4,14,33,49,2,page_1,34,7,and
205,n,781,280.4,14,33,50,2,page_1,34,7,and
206,d,795,280.4,14,33,51,2,page_1,34,7,and
207, ,809,280.4,14,33,52,2,page_1,34,7,
208,l,823,280.4,14,33,53,2,page_1,35,8,large
209,a,837,280.4,14,33,54,2,page_1,35,8,large
210,r,851,280.4,14,33,55,2,page_1,35,8,large
211,g,865,280.4,14,33,56,2,page_1,35,8,large
212,e,879,280.4,14,33,57,2,page_1,35,8,large
213, ,893,280.4,14,33,58,2,page_1,35,8,
214,c,907,280.4,14,33,59,2,page_1,36,9,clumps
215,l,921,280.4,14,33,60,2,page_1,36,9,clumps
216,u,935,280.4,14,33,61,2,page_1,36,9,clumps
217,m,949,280.4,14,33,62,2,page_1,36,9,clumps
218,p,963,280.4,14,33,63,2,page_1,36,9,clumps
219,s,977,280.4,14,33,64,2,page_1,36,9,clumps
220, ,991,280.4,14,33,65,2,page_1,36,9,
221,o,1005,280.4,14,33,66,2,page_1,37,10,of
222,f,1019,280.4,14,33,67,2,page_1,37,10,of
223, ,1033,280.4,14,33,68,2,page_1,37,10,
224,t,1047,280.4,14,33,69,2,page_1,38,11,"trees,"
225,r,1061,280.4,14,33,70,2,page_1,38,11,"trees,"
226,e,1075,280.4,14,33,71,2,page_1,38,11,"trees,"
227,e,1089,280.4,14,33,72,2,page_1,38,11,"trees,"
228,s,1103,280.4,14,33,73,2,page_1,38,11,"trees,"
229,",",1117,280.4,14,33,74,2,page_1,38,11,"trees,"
230,c,81,376.09999999999997,14,33,0,3,page_1,39,0,chiefly
231,h,95,376.09999999999997,14,33,1,3,page_1,39,0,chiefly
232,i,109,376.09999999999997,14,33,2,3,page_1,39,0,chiefly
233,e,123,376.09999999999997,14,33,3,3,page_1,39,0,chiefly
234,f,137,376.09999999999997,14,33,4,3,page_1,39,0,chiefly
235,l,151,376.09999999999997,14,33,5,3,page_1,39,0,chiefly
236,y,165,376.09999999999997,14,33,6,3,page_1,39,0,chiefly
237, ,179,376.09999999999997,14,33,7,3,page_1,39,0,
238,o,193,376.09999999999997,14,33,8,3,page_1,40,1,of
239,f,207,376.09999999999997,14,33,9,3,page_1,40,1,of
240, ,221,376.09999999999997,14,33,10,3,page_1,40,1,
241,s,235,376.09999999999997,14,33,11,3,page_1,41,2,sombre
242,o,249,376.09999999999997,14,33,12,3,page_1,41,2,sombre
243,m,263,376.09999999999997,14,33,13,3,page_1,41,2,sombre
244,b,277,376.09999999999997,14,33,14,3,page_1,41,2,sombre
245,r,291,376.09999999999997,14,33,15,3,page_1,41,2,sombre
246,e,305,376.09999999999997,14,33,16,3,page_1,41,2,sombre
247, ,319,376.09999999999997,14,33,17,3,page_1,41,2,
248,y,333,376.09999999999997,14,33,18,3,page_1,42,3,"yews,"
249,e,347,376.09999999999997,14,33,19,3,page_1,42,3,"yews,"
250,w,361,376.09999999999997,14,33,20,3,page_1,42,3,"yews,"
251,s,375,376.09999999999997,14,33,21,3,page_1,42,3,"yews,"
252,",",389,376.09999999999997,14,33,22,3,page_1,42,3,"yews,"
253, ,403,376.09999999999997,14,33,23,3,page_1,42,3,
254,h,417,376.09999999999997,14,33,24,3,page_1,43,4,had
255,a,431,376.09999999999997,14,33,25,3,page_1,43,4,had
256,d,445,376.09999999999997,14,33,26,3,page_1,43,4,had
257, ,459,376.09999999999997,14,33,27,3,page_1,43,4,
258,r,473,376.09999999999997,14,33,28,3,page_1,44,5,risen
259,i,487,376.09999999999997,14,33,29,3,page_1,44,5,risen
260,s,501,376.09999999999997,14,33,30,3,page_1,44,5,risen
261,e,515,376.09999999999997,14,33,31,3,page_1,44,5,risen
262,n,529,376.09999999999997,14,33,32,3,page_1,44,5,risen
263, ,543,376.09999999999997,14,33,33,3,page_1,44,5,
264,h,557,376.09999999999997,14,33,34,3,page_1,45,6,"high,"
265,i,571,376.09999999999997,14,33,35,3,page_1,45,6,"high,"
266,g,585,376.09999999999997,14,33,36,3,page_1,45,6,"high,"
267,h,599,376.09999999999997,14,33,37,3,page_1,45,6,"high,"
268,",",613,376.09999999999997,14,33,38,3,page_1,45,6,"high,"
269, ,627,376.09999999999997,14,33,39,3,page_1,45,6,
270,n,641,376.09999999999997,14,33,40,3,page_1,46,7,not
271,o,655,376.09999999999997,14,33,41,3,page_1,46,7,not
272,t,669,376.09999999999997,14,33,42,3,page_1,46,7,not
273, ,683,376.09999999999997,14,33,43,3,page_1,46,7,
274,t,697,376.09999999999997,14,33,44,3,page_1,47,8,ten
275,e,711,376.09999999999997,14,33,45,3,page_1,47,8,ten
276,n,725,376.09999999999997,14,33,46,3,page_1,47,8,ten
277, ,739,376.09999999999997,14,33,47,3,page_1,47,8,
278,y,753,376.09999999999997,14,33,48,3,page_1,48,9,yards
279,a,767,376.09999999999997,14,33,49,3,page_1,48,9,yards
280,r,781,376.09999999999997,14,33,50,3,page_1,48,9,yards
281,d,795,376.09999999999997,14,33,51,3,page_1,48,9,yards
282,s,809,376.09999999999997,14,33,52,3,page_1,48,9,yards
283, ,823,376.09999999999997,14,33,53,3,page_1,48,9,
284,f,837,376.09999999999997,14,33,54,3,page_1,49,10,from
285,r,851,376.09999999999997,14,33,55,3,page_1,49,10,from
286,o,865,376.09999999999997,14,33,56,3,page_1,49,10,from
287,m,879,376.09999999999997,14,33,57,3,page_1,49,10,from
288, ,893,376.09999999999997,14,33,58,3,page_1,49,10,
289,t,907,376.09999999999997,14,33,59,3,page_1,50,11,the
290,h,921,376.09999999999997,14,33,60,3,page_1,50,11,the
291,e,935,376.09999999999997,14,33,61,3,page_1,50,11,the
292, ,949,376.09999999999997,14,33,62,3,page_1,50,11,
293,w,963,376.09999999999997,14,33,63,3,page_1,51,12,windows.
294,i,977,376.09999999999997,14,33,64,3,page_1,51,12,windows.
295,n,991,376.09999999999997,14,33,65,3,page_1,51,12,windows.
296,d,1005,376.09999999999997,14,33,66,3,page_1,51,12,windows.
297,o,1019,376.09999999999997,14,33,67,3,page_1,51,12,windows.
298,w,1033,376.09999999999997,14,33,68,3,page_1,51,12,windows.
299,s,1047,376.09999999999997,14,33,69,3,page_1,51,12,windows.
300,.,1061,376.09999999999997,14,33,70,3,page_1,51,12,windows.
301, ,1075,376.09999999999997,14,33,71,3,page_1,51,12,
302,T,1089,376.09999999999997,14,33,72,3,page_1,52,13,The
303,h,1103,376.09999999999997,14,33,73,3,page_1,52,13,The
304,e,1117,376.09999999999997,14,33,74,3,page_1,52,13,The
305,b,81,471.79999999999995,14,33,0,4,page_1,53,0,"building,"
306,u,95,471.79999999999995,14,33,1,4,page_1,53,0,"building,"
307,i,109,471.79999999999995,14,33,2,4,page_1,53,0,"building,"
308,l,123,471.79999999999995,14,33,3,4,page_1,53,0,"building,"
309,d,137,471.79999999999995,14,33,4,4,page_1,53,0,"building,"
310,i,151,471.79999999999995,14,33,5,4,page_1,53,0,"building,"
311,n,165,471.79999999999995,14,33,6,4,page_1,53,0,"building,"
312,g,179,471.79999999999995,14,33,7,4,page_1,53,0,"building,"
313,",",193,471.79999999999995,14,33,8,4,page_1,53,0,"building,"
314, ,207,471.79999999999995,14,33,9,4,page_1,53,0,
315,o,221,471.79999999999995,14,33,10,4,page_1,54,1,of
316,f,235,471.79999999999995,14,33,11,4,page_1,54,1,of
317, ,249,471.79999999999995,14,33,12,4,page_1,54,1,
318,g,263,471.79999999999995,14,33,13,4,page_1,55,2,greenish
319,r,277,471.79999999999995,14,33,14,4,page_1,55,2,greenish
320,e,291,471.79999999999995,14,33,15,4,page_1,55,2,greenish
321,e,305,471.79999999999995,14,33,16,4,page_1,55,2,greenish
322,n,319,471.79999999999995,14,33,17,4,page_1,55,2,greenish
323,i,333,471.79999999999995,14,33,18,4,page_1,55,2,greenish
324,s,347,471.79999999999995,14,33,19,4,page_1,55,2,greenish
325,h,361,471.79999999999995,14,33,20,4,page_1,55,2,greenish
326, ,375,471.79999999999995,14,33,21,4,page_1,55,2,
327,s,389,471.79999999999995,14,33,22,4,page_1,56,3,"stone,"
328,t,403,471.79999999999995,14,33,23,4,page_1,56,3,"stone,"
329,o,417,471.79999999999995,14,33,24,4,page_1,56,3,"stone,"
330,n,431,471.79999999999995,14,33,25,4,page_1,56,3,"stone,"
331,e,445,471.79999999999995,14,33,26,4,page_1,56,3,"stone,"
332,",",459,471.79999999999995,14,33,27,4,page_1,56,3,"stone,"
333, ,473,471.79999999999995,14,33,28,4,page_1,56,3,
334,w,487,471.79999999999995,14,33,29,4,page_1,57,4,was
335,a,501,471.79999999999995,14,33,30,4,page_1,57,4,was
336,s,515,471.79999999999995,14,33,31,4,page_1,57,4,was
337, ,529,471.79999999999995,14,33,32,4,page_1,57,4,
338,i,543,471.79999999999995,14,33,33,4,page_1,58,5,in
339,n,557,471.79999999999995,14,33,34,4,page_1,58,5,in
340, ,571,471.79999999999995,14,33,35,4,page_1,58,5,
341,t,585,471.79999999999995,14,33,36,4,page_1,59,6,the
342,h,599,471.79999999999995,14,33,37,4,page_1,59,6,the
343,e,613,471.79999999999995,14,33,38,4,page_1,59,6,the
344, ,627,471.79999999999995,14,33,39,4,page_1,59,6,
345,o,641,471.79999999999995,14,33,40,4,page_1,60,7,old
346,l,655,471.79999999999995,14,33,41,4,page_1,60,7,old
347,d,669,471.79999999999995,14,33,42,4,page_1,60,7,old
348, ,683,471.79999999999995,14,33,43,4,page_1,60,7,
349,E,697,471.79999999999995,14,33,44,4,page_1,61,8,English
350,n,711,471.79999999999995,14,33,45,4,page_1,61,8,English
351,g,725,471.79999999999995,14,33,46,4,page_1,61,8,English
352,l,739,471.79999999999995,14,33,47,4,page_1,61,8,English
353,i,753,471.79999999999995,14,33,48,4,page_1,61,8,English
354,s,767,471.79999999999995,14,33,49,4,page_1,61,8,English
355,h,781,471.79999999999995,14,33,50,4,page_1,61,8,English
356, ,795,471.79999999999995,14,33,51,4,page_1,61,8,
357,s,809,471.79999999999995,14,33,52,4,page_1,62,9,"style,"
358,t,823,471.79999999999995,14,33,53,4,page_1,62,9,"style,"
359,y,837,471.79999999999995,14,33,54,4,page_1,62,9,"style,"
360,l,851,471.79999999999995,14,33,55,4,page_1,62,9,"style,"
361,e,865,471.79999999999995,14,33,56,4,page_1,62,9,"style,"
362,",",879,471.79999999999995,14,33,57,4,page_1,62,9,"style,"
363, ,893,471.79999999999995,14,33,58,4,page_1,62,9,
364,n,907,471.79999999999995,14,33,59,4,page_1,63,10,not
365,o,921,471.79999999999995,14,33,60,4,page_1,63,10,not
366,t,935,471.79999999999995,14,33,61,4,page_1,63,10,not
367, ,949,471.79999999999995,14,33,62,4,page_1,63,10,
368,u,963,471.79999999999995,14,33,63,4,page_1,64,11,"ugly,"
369,g,977,471.79999999999995,14,33,64,4,page_1,64,11,"ugly,"
370,l,991,471.79999999999995,14,33,65,4,page_1,64,11,"ugly,"
371,y,1005,471.79999999999995,14,33,66,4,page_1,64,11,"ugly,"
372,",",1019,471.79999999999995,14,33,67,4,page_1,64,11,"ugly,"
373, ,1033,471.79999999999995,14,33,68,4,page_1,64,11,
374,b,1047,471.79999999999995,14,33,69,4,page_1,65,12,but
375,u,1061,471.79999999999995,14,33,70,4,page_1,65,12,but
376,t,1075,471.79999999999995,14,33,71,4,page_1,65,12,but
377,s,81,567.5,14,33,0,5,page_1,66,0,small-windowed
378,m,95,567.5,14,33,1,5,page_1,66,0,small-windowed
379,a,109,567.5,14,33,2,5,page_1,66,0,small-windowed
380,l,123,567.5,14,33,3,5,page_1,66,0,small-windowed
381,l,137,567.5,14,33,4,5,page_1,66,0,small-windowed
382,-,151,567.5,14,33,5,5,page_1,66,0,small-windowed
383,w,165,567.5,14,33,6,5,page_1,66,0,small-windowed
384,i,179,567.5,14,33,7,5,page_1,66,0,small-windowed
385,n,193,567.5,14,33,8,5,page_1,66,0,small-windowed
386,d,207,567.5,14,33,9,5,page_1,66,0,small-windowed
387,o,221,567.5,14,33,10,5,page_1,66,0,small-windowed
388,w,235,567.5,14,33,11,5,page_1,66,0,small-windowed
389,e,249,567.5,14,33,12,5,page_1,66,0,small-windowed
390,d,263,567.5,14,33,13,5,page_1,66,0,small-windowed
391, ,277,567.5,14,33,14,5,page_1,66,0,
392,a,291,567.5,14,33,15,5,page_1,67,1,and
393,n,305,567.5,14,33,16,5,page_1,67,1,and
394,d,319,567.5,14,33,17,5,page_1,67,1,and
395, ,333,567.5,14,33,18,5,page_1,67,1,
396,m,347,567.5,14,33,19,5,page_1,68,2,melancholy-looking:
397,e,361,567.5,14,33,20,5,page_1,68,2,melancholy-looking:
398,l,375,567.5,14,33,21,5,page_1,68,2,melancholy-looking:
399,a,389,567.5,14,33,22,5,page_1,68,2,melancholy-looking:
400,n,403,567.5,14,33,23,5,page_1,68,2,melancholy-looking:
401,c,417,567.5,14,33,24,5,page_1,68,2,melancholy-looking:
402,h,431,567.5,14,33,25,5,page_1,68,2,melancholy-looking:
403,o,445,567.5,14,33,26,5,page_1,68,2,melancholy-looking:
404,l,459,567.5,14,33,27,5,page_1,68,2,melancholy-looking:
405,y,473,567.5,14,33,28,5,page_1,68,2,melancholy-looking:
406,-,487,567.5,14,33,29,5,page_1,68,2,melancholy-looking:
407,l,501,567.5,14,33,30,5,page_1,68,2,melancholy-looking:
408,o,515,567.5,14,33,31,5,page_1,68,2,melancholy-looking:
409,o,529,567.5,14,33,32,5,page_1,68,2,melancholy-looking:
410,k,543,567.5,14,33,33,5,page_1,68,2,melancholy-looking:
411,i,557,567.5,14,33,34,5,page_1,68,2,melancholy-looking:
412,n,571,567.5,14,33,35,5,page_1,68,2,melancholy-looking:
413,g,585,567.5,14,33,36,5,page_1,68,2,melancholy-looking:
414,:,599,567.5,14,33,37,5,page_1,68,2,melancholy-looking:
415, ,613,567.5,14,33,38,5,page_1,68,2,
416,t,627,567.5,14,33,39,5,page_1,69,3,the
417,h,641,567.5,14,33,40,5,page_1,69,3,the
418,e,655,567.5,14,33,41,5,page_1,69,3,the
419, ,669,567.5,14,33,42,5,page_1,69,3,
420,s,683,567.5,14,33,43,5,page_1,70,4,sort
421,o,697,567.5,14,33,44,5,page_1,70,4,sort
422,r,711,567.5,14,33,45,5,page_1,70,4,sort
423,t,725,567.5,14,33,46,5,page_1,70,4,sort
424, ,739,567.5,14,33,47,5,page_1,70,4,
425,o,753,567.5,14,33,48,5,page_1,71,5,of
426,f,767,567.5,14,33,49,5,page_1,71,5,of
427, ,781,567.5,14,33,50,5,page_1,71,5,
428,h,795,567.5,14,33,51,5,page_1,72,6,house
429,o,809,567.5,14,33,52,5,page_1,72,6,house
430,u,823,567.5,14,33,53,5,page_1,72,6,house
431,s,837,567.5,14,33,54,5,page_1,72,6,house
432,e,851,567.5,14,33,55,5,page_1,72,6,house
433, ,865,567.5,14,33,56,5,page_1,72,6,
434,t,879,567.5,14,33,57,5,page_1,73,7,that
435,h,893,567.5,14,33,58,5,page_1,73,7,that
436,a,907,567.5,14,33,59,5,page_1,73,7,that
437,t,921,567.5,14,33,60,5,page_1,73,7,that
438, ,935,567.5,14,33,61,5,page_1,73,7,
439,m,949,567.5,14,33,62,5,page_1,74,8,must
440,u,963,567.5,14,33,63,5,page_1,74,8,must
441,s,977,567.5,14,33,64,5,page_1,74,8,must
442,t,991,567.5,14,33,65,5,page_1,74,8,must
443, ,1005,567.5,14,33,66,5,page_1,74,8,
444,h,1019,567.5,14,33,67,5,page_1,75,9,have
445,a,1033,567.5,14,33,68,5,page_1,75,9,have
446,v,1047,567.5,14,33,69,5,page_1,75,9,have
447,e,1061,567.5,14,33,70,5,page_1,75,9,have
448, ,1075,567.5,14,33,71,5,page_1,75,9,
449,c,1089,567.5,14,33,72,5,page_1,76,10,"children,"
450,h,1103,567.5,14,33,73,5,page_1,76,10,"children,"
451,i,1117,567.5,14,33,74,5,page_1,76,10,"children,"
452,l,1131,567.5,14,33,75,5,page_1,76,10,"children,"
453,d,1145,567.5,14,33,76,5,page_1,76,10,"children,"
454,r,1159,567.5,14,33,77,5,page_1,76,10,"children,"
455,e,1173,567.5,14,33,78,5,page_1,76,10,"children,"
456,n,1187,567.5,14,33,79,5,page_1,76,10,"children,"
457,",",1201,567.5,14,33,80,5,page_1,76,10,"children,"
458,m,81,663.2,14,33,0,6,page_1,77,0,many
459,a,95,663.2,14,33,1,6,page_1,77,0,many
460,n,109,663.2,14,33,2,6,page_1,77,0,many
461,y,123,663.2,14,33,3,6,page_1,77,0,many
462, ,137,663.2,14,33,4,6,page_1,77,0,
463,f,151,663.2,14,33,5,6,page_1,78,1,"flowers,"
464,l,165,663.2,14,33,6,6,page_1,78,1,"flowers,"
465,o,179,663.2,14,33,7,6,page_1,78,1,"flowers,"
466,w,193,663.2,14,33,8,6,page_1,78,1,"flowers,"
467,e,207,663.2,14,33,9,6,page_1,78,1,"flowers,"
468,r,221,663.2,14,33,10,6,page_1,78,1,"flowers,"
469,s,235,663.2,14,33,11,6,page_1,78,1,"flowers,"
470,",",249,663.2,14,33,12,6,page_1,78,1,"flowers,"
471, ,263,663.2,14,33,13,6,page_1,78,1,
472,o,277,663.2,14,33,14,6,page_1,79,2,open
473,p,291,663.2,14,33,15,6,page_1,79,2,open
474,e,305,663.2,14,33,16,6,page_1,79,2,open
475,n,319,663.2,14,33,17,6,page_1,79,2,open
476, ,333,663.2,14,33,18,6,page_1,79,2,
477,w,347,663.2,14,33,19,6,page_1,80,3,"windows,"
478,i,361,663.2,14,33,20,6,page_1,80,3,"windows,"
479,n,375,663.2,14,33,21,6,page_1,80,3,"windows,"
480,d,389,663.2,14,33,22,6,page_1,80,3,"windows,"
481,o,403,663.2,14,33,23,6,page_1,80,3,"windows,"
482,w,417,663.2,14,33,24,6,page_1,80,3,"windows,"
483,s,431,663.2,14,33,25,6,page_1,80,3,"windows,"
484,",",445,663.2,14,33,26,6,page_1,80,3,"windows,"
485, ,459,663.2,14,33,27,6,page_1,80,3,
486,a,473,663.2,14,33,28,6,page_1,81,4,and
487,n,487,663.2,14,33,29,6,page_1,81,4,and
488,d,501,663.2,14,33,30,6,page_1,81,4,and
489, ,515,663.2,14,33,31,6,page_1,81,4,
490,l,529,663.2,14,33,32,6,page_1,82,5,little
491,i,543,663.2,14,33,33,6,page_1,82,5,little
492,t,557,663.2,14,33,34,6,page_1,82,5,little
493,t,571,663.2,14,33,35,6,page_1,82,5,little
494,l,585,663.2,14,33,36,6,page_1,82,5,little
495,e,599,663.2,14,33,37,6,page_1,82,5,little
496, ,613,663.2,14,33,38,6,page_1,82,5,
497,v,627,663.2,14,33,39,6,page_1,83,6,vistas
498,i,641,663.2,14,33,40,6,page_1,83,6,vistas
499,s,655,663.2,14,33,41,6,page_1,83,6,vistas
500,t,669,663.2,14,33,42,6,page_1,83,6,vistas
501,a,683,663.2,14,33,43,6,page_1,83,6,vistas
502,s,697,663.2,14,33,44,6,page_1,83,6,vistas
503, ,711,663.2,14,33,45,6,page_1,83,6,
504,o,725,663.2,14,33,46,6,page_1,84,7,of
505,f,739,663.2,14,33,47,6,page_1,84,7,of
506, ,753,663.2,14,33,48,6,page_1,84,7,
507,b,767,663.2,14,33,49,6,page_1,85,8,bright
508,r,781,663.2,14,33,50,6,page_1,85,8,bright
509,i,795,663.2,14,33,51,6,page_1,85,8,bright
510,g,809,663.2,14,33,52,6,page_1,85,8,bright
511,h,823,663.2,14,33,53,6,page_1,85,8,bright
512,t,837,663.2,14,33,54,6,page_1,85,8,bright
513, ,851,663.2,14,33,55,6,page_1,85,8,
514,t,865,663.2,14,33,56,6,page_1,86,9,"things,"
515,h,879,663.2,14,33,57,6,page_1,86,9,"things,"
516,i,893,663.2,14,33,58,6,page_1,86,9,"things,"
517,n,907,663.2,14,33,59,6,page_1,86,9,"things,"
518,g,921,663.2,14,33,60,6,page_1,86,9,"things,"
519,s,935,663.2,14,33,61,6,page_1,86,9,"things,"
520,",",949,663.2,14,33,62,6,page_1,86,9,"things,"
521, ,963,663.2,14,33,63,6,page_1,86,9,
522,t,977,663.2,14,33,64,6,page_1,87,10,to
523,o,991,663.2,14,33,65,6,page_1,87,10,to
524, ,1005,663.2,14,33,66,6,page_1,87,10,
525,m,1019,663.2,14,33,67,6,page_1,88,11,make
526,a,1033,663.2,14,33,68,6,page_1,88,11,make
527,k,1047,663.2,14,33,69,6,page_1,88,11,make
528,e,1061,663.2,14,33,70,6,page_1,88,11,make
529, ,1075,663.2,14,33,71,6,page_1,88,11,
530,i,1089,663.2,14,33,72,6,page_1,89,12,it
531,t,1103,663.2,14,33,73,6,page_1,89,12,it
532, ,1117,663.2,14,33,74,6,page_1,89,12,
533,s,1131,663.2,14,33,75,6,page_1,90,13,seem
534,e,1145,663.2,14,33,76,6,page_1,90,13,seem
535,e,1159,663.2,14,33,77,6,page_1,90,13,seem
536,m,1173,663.2,14,33,78,6,page_1,90,13,seem
537, ,1187,663.2,14,33,79,6,page_1,90,13,
538,a,1201,663.2,14,33,80,6,page_1,91,14,a
539,j,81,758.9000000000001,14,33,0,7,page_1,92,0,joyous
540,o,95,758.9000000000001,14,33,1,7,page_1,92,0,joyous
541,y,109,758.9000000000001,14,33,2,7,page_1,92,0,joyous
542,o,123,758.9000000000001,14,33,3,7,page_1,92,0,joyous
543,u,137,758.9000000000001,14,33,4,7,page_1,92,0,joyous
544,s,151,758.9000000000001,14,33,5,7,page_1,92,0,joyous
545, ,165,758.9000000000001,14,33,6,7,page_1,92,0,
546,h,179,758.9000000000001,14,33,7,7,page_1,93,1,home.
547,o,193,758.9000000000001,14,33,8,7,page_1,93,1,home.
548,m,207,758.9000000000001,14,33,9,7,page_1,93,1,home.
549,e,221,758.9000000000001,14,33,10,7,page_1,93,1,home.
550,.,235,758.9000000000001,14,33,11,7,page_1,93,1,home.
