char_idx,char,top_left_x,top_left_y,width,height,char_idx_in_line,line_idx,page,word_idx,word_idx_in_line,word,question_image_version
0,T,85.0,92.0,14.405405405405405,33,0,0,page_1,0,0,This,
1,h,99.4054054054054,92.0,14.405405405405405,33,1,0,page_1,0,0,This,
2,i,113.8108108108108,92.0,14.405405405405405,33,2,0,page_1,0,0,This,
3,s,128.21621621621622,92.0,14.405405405405405,33,3,0,page_1,0,0,This,
4, ,142.62162162162164,92.0,14.405405405405405,33,4,0,page_1,0,0,,
5,w,157.02702702702706,92.0,14.405405405405405,33,5,0,page_1,1,1,was,
6,a,171.43243243243248,92.0,14.405405405405405,33,6,0,page_1,1,1,was,
7,s,185.8378378378379,92.0,14.405405405405405,33,7,0,page_1,1,1,was,
8, ,200.2432432432433,92.0,14.405405405405405,33,8,0,page_1,1,1,,
9,t,214.64864864864873,92.0,14.405405405405405,33,9,0,page_1,2,2,the,
10,h,229.05405405405415,92.0,14.405405405405405,33,10,0,page_1,2,2,the,
11,e,243.45945945945957,92.0,14.405405405405405,33,11,0,page_1,2,2,the,
12, ,257.86486486486496,92.0,14.405405405405405,33,12,0,page_1,2,2,,
13,h,272.2702702702704,92.0,14.405405405405405,33,13,0,page_1,3,3,happy,
14,a,286.6756756756758,92.0,14.405405405405405,33,14,0,page_1,3,3,happy,
15,p,301.0810810810812,92.0,14.405405405405405,33,15,0,page_1,3,3,happy,
16,p,315.4864864864866,92.0,14.405405405405405,33,16,0,page_1,3,3,happy,
17,y,329.89189189189204,92.0,14.405405405405405,33,17,0,page_1,3,3,happy,
18, ,344.29729729729746,92.0,14.405405405405405,33,18,0,page_1,3,3,,
19,s,358.7027027027029,92.0,14.405405405405405,33,19,0,page_1,4,4,side,
20,i,373.1081081081083,92.0,14.405405405405405,33,20,0,page_1,4,4,side,
21,d,387.5135135135137,92.0,14.405405405405405,33,21,0,page_1,4,4,side,
22,e,401.91891891891913,92.0,14.405405405405405,33,22,0,page_1,4,4,side,
23, ,416.32432432432455,92.0,14.405405405405405,33,23,0,page_1,4,4,,
24,o,430.72972972972997,92.0,14.405405405405405,33,24,0,page_1,5,5,of,
25,f,445.1351351351354,92.0,14.405405405405405,33,25,0,page_1,5,5,of,
26, ,459.5405405405408,92.0,14.405405405405405,33,26,0,page_1,5,5,,
27,t,473.9459459459462,92.0,14.405405405405405,33,27,0,page_1,6,6,the,
28,h,488.35135135135164,92.0,14.405405405405405,33,28,0,page_1,6,6,the,
29,e,502.75675675675706,92.0,14.405405405405405,33,29,0,page_1,6,6,the,
30, ,517.1621621621624,92.0,14.405405405405405,33,30,0,page_1,6,6,,
31,h,531.5675675675678,92.0,14.405405405405405,33,31,0,page_1,7,7,"house,",
32,o,545.9729729729733,92.0,14.405405405405405,33,32,0,page_1,7,7,"house,",
33,u,560.3783783783787,92.0,14.405405405405405,33,33,0,page_1,7,7,"house,",
34,s,574.7837837837841,92.0,14.405405405405405,33,34,0,page_1,7,7,"house,",
35,e,589.1891891891895,92.0,14.405405405405405,33,35,0,page_1,7,7,"house,",
36,",",603.5945945945949,92.0,14.405405405405405,33,36,0,page_1,7,7,"house,",
37, ,618.0000000000003,92.0,14.405405405405405,33,37,0,page_1,7,7,,
38,f,632.4054054054058,92.0,14.405405405405405,33,38,0,page_1,8,8,for,
39,o,646.8108108108112,92.0,14.405405405405405,33,39,0,page_1,8,8,for,
40,r,661.2162162162166,92.0,14.405405405405405,33,40,0,page_1,8,8,for,
41, ,675.621621621622,92.0,14.405405405405405,33,41,0,page_1,8,8,,
42,t,690.0270270270274,92.0,14.405405405405405,33,42,0,page_1,9,9,the,
43,h,704.4324324324328,92.0,14.405405405405405,33,43,0,page_1,9,9,the,
44,e,718.8378378378383,92.0,14.405405405405405,33,44,0,page_1,9,9,the,
45, ,733.2432432432437,92.0,14.405405405405405,33,45,0,page_1,9,9,,
46,s,747.6486486486491,92.0,14.405405405405405,33,46,0,page_1,10,10,south,
47,o,762.0540540540545,92.0,14.405405405405405,33,47,0,page_1,10,10,south,
48,u,776.4594594594599,92.0,14.405405405405405,33,48,0,page_1,10,10,south,
49,t,790.8648648648654,92.0,14.405405405405405,33,49,0,page_1,10,10,south,
50,h,805.2702702702708,92.0,14.405405405405405,33,50,0,page_1,10,10,south,
51, ,819.6756756756762,92.0,14.405405405405405,33,51,0,page_1,10,10,,
52,a,834.0810810810816,92.0,14.405405405405405,33,52,0,page_1,11,11,and,
53,n,848.486486486487,92.0,14.405405405405405,33,53,0,page_1,11,11,and,
54,d,862.8918918918924,92.0,14.405405405405405,33,54,0,page_1,11,11,and,
55, ,877.2972972972979,92.0,14.405405405405405,33,55,0,page_1,11,11,,
56,e,891.7027027027033,92.0,14.405405405405405,33,56,0,page_1,12,12,east,
57,a,906.1081081081087,92.0,14.405405405405405,33,57,0,page_1,12,12,east,
58,s,920.5135135135141,92.0,14.405405405405405,33,58,0,page_1,12,12,east,
59,t,934.9189189189195,92.0,14.405405405405405,33,59,0,page_1,12,12,east,
60, ,949.324324324325,92.0,14.405405405405405,33,60,0,page_1,12,12,,
61,l,963.7297297297304,92.0,14.405405405405405,33,61,0,page_1,13,13,looked,
62,o,978.1351351351358,92.0,14.405405405405405,33,62,0,page_1,13,13,looked,
63,o,992.5405405405412,92.0,14.405405405405405,33,63,0,page_1,13,13,looked,
64,k,1006.9459459459466,92.0,14.405405405405405,33,64,0,page_1,13,13,looked,
65,e,1021.351351351352,92.0,14.405405405405405,33,65,0,page_1,13,13,looked,
66,d,1035.7567567567573,92.0,14.405405405405405,33,66,0,page_1,13,13,looked,
67, ,1050.1621621621628,92.0,14.405405405405405,33,67,0,page_1,13,13,,
68,r,1064.5675675675682,92.0,14.405405405405405,33,68,0,page_1,14,14,rather,
69,a,1078.9729729729736,92.0,14.405405405405405,33,69,0,page_1,14,14,rather,
70,t,1093.378378378379,92.0,14.405405405405405,33,70,0,page_1,14,14,rather,
71,h,1107.7837837837844,92.0,14.405405405405405,33,71,0,page_1,14,14,rather,
72,e,1122.1891891891898,92.0,14.405405405405405,33,72,0,page_1,14,14,rather,
73,r,1136.5945945945953,92.0,14.405405405405405,33,73,0,page_1,14,14,rather,
74,m,85.0,187.7,14.407407407407407,33,0,1,page_1,15,0,melancholy,
75,e,99.4074074074074,187.7,14.407407407407407,33,1,1,page_1,15,0,melancholy,
76,l,113.81481481481481,187.7,14.407407407407407,33,2,1,page_1,15,0,melancholy,
77,a,128.22222222222223,187.7,14.407407407407407,33,3,1,page_1,15,0,melancholy,
78,n,142.62962962962965,187.7,14.407407407407407,33,4,1,page_1,15,0,melancholy,
79,c,157.03703703703707,187.7,14.407407407407407,33,5,1,page_1,15,0,melancholy,
80,h,171.44444444444449,187.7,14.407407407407407,33,6,1,page_1,15,0,melancholy,
81,o,185.8518518518519,187.7,14.407407407407407,33,7,1,page_1,15,0,melancholy,
82,l,200.25925925925932,187.7,14.407407407407407,33,8,1,page_1,15,0,melancholy,
83,y,214.66666666666674,187.7,14.407407407407407,33,9,1,page_1,15,0,melancholy,
84, ,229.07407407407416,187.7,14.407407407407407,33,10,1,page_1,15,0,,
85,e,243.48148148148158,187.7,14.407407407407407,33,11,1,page_1,16,1,even,
86,v,257.88888888888897,187.7,14.407407407407407,33,12,1,page_1,16,1,even,
87,e,272.29629629629636,187.7,14.407407407407407,33,13,1,page_1,16,1,even,
88,n,286.70370370370375,187.7,14.407407407407407,33,14,1,page_1,16,1,even,
89, ,301.11111111111114,187.7,14.407407407407407,33,15,1,page_1,16,1,,
90,u,315.51851851851853,187.7,14.407407407407407,33,16,1,page_1,17,2,under,
91,n,329.9259259259259,187.7,14.407407407407407,33,17,1,page_1,17,2,under,
92,d,344.3333333333333,187.7,14.407407407407407,33,18,1,page_1,17,2,under,
93,e,358.7407407407407,187.7,14.407407407407407,33,19,1,page_1,17,2,under,
94,r,373.1481481481481,187.7,14.407407407407407,33,20,1,page_1,17,2,under,
95, ,387.5555555555555,187.7,14.407407407407407,33,21,1,page_1,17,2,,
96,t,401.9629629629629,187.7,14.407407407407407,33,22,1,page_1,18,3,the,
97,h,416.37037037037027,187.7,14.407407407407407,33,23,1,page_1,18,3,the,
98,e,430.77777777777766,187.7,14.407407407407407,33,24,1,page_1,18,3,the,
99, ,445.18518518518505,187.7,14.407407407407407,33,25,1,page_1,18,3,,
100,b,459.59259259259244,187.7,14.407407407407407,33,26,1,page_1,19,4,brightest,
101,r,473.99999999999983,187.7,14.407407407407407,33,27,1,page_1,19,4,brightest,
102,i,488.4074074074072,187.7,14.407407407407407,33,28,1,page_1,19,4,brightest,
103,g,502.8148148148146,187.7,14.407407407407407,33,29,1,page_1,19,4,brightest,
104,h,517.2222222222221,187.7,14.407407407407407,33,30,1,page_1,19,4,brightest,
105,t,531.6296296296294,187.7,14.407407407407407,33,31,1,page_1,19,4,brightest,
106,e,546.0370370370368,187.7,14.407407407407407,33,32,1,page_1,19,4,brightest,
107,s,560.4444444444442,187.7,14.407407407407407,33,33,1,page_1,19,4,brightest,
108,t,574.8518518518516,187.7,14.407407407407407,33,34,1,page_1,19,4,brightest,
109, ,589.259259259259,187.7,14.407407407407407,33,35,1,page_1,19,4,,
110,m,603.6666666666664,187.7,14.407407407407407,33,36,1,page_1,20,5,morning.,
111,o,618.0740740740738,187.7,14.407407407407407,33,37,1,page_1,20,5,morning.,
112,r,632.4814814814812,187.7,14.407407407407407,33,38,1,page_1,20,5,morning.,
113,n,646.8888888888886,187.7,14.407407407407407,33,39,1,page_1,20,5,morning.,
114,i,661.296296296296,187.7,14.407407407407407,33,40,1,page_1,20,5,morning.,
115,n,675.7037037037034,187.7,14.407407407407407,33,41,1,page_1,20,5,morning.,
116,g,690.1111111111107,187.7,14.407407407407407,33,42,1,page_1,20,5,morning.,
117,.,704.5185185185181,187.7,14.407407407407407,33,43,1,page_1,20,5,morning.,
118, ,718.9259259259255,187.7,14.407407407407407,33,44,1,page_1,20,5,,
119,T,733.3333333333329,187.7,14.407407407407407,33,45,1,page_1,21,6,The,
120,h,747.7407407407403,187.7,14.407407407407407,33,46,1,page_1,21,6,The,
121,e,762.1481481481477,187.7,14.407407407407407,33,47,1,page_1,21,6,The,
122, ,776.5555555555551,187.7,14.407407407407407,33,48,1,page_1,21,6,,
123,g,790.9629629629625,187.7,14.407407407407407,33,49,1,page_1,22,7,grounds,
124,r,805.3703703703699,187.7,14.407407407407407,33,50,1,page_1,22,7,grounds,
125,o,819.7777777777773,187.7,14.407407407407407,33,51,1,page_1,22,7,grounds,
126,u,834.1851851851847,187.7,14.407407407407407,33,52,1,page_1,22,7,grounds,
127,n,848.592592592592,187.7,14.407407407407407,33,53,1,page_1,22,7,grounds,
128,d,862.9999999999994,187.7,14.407407407407407,33,54,1,page_1,22,7,grounds,
129,s,877.4074074074068,187.7,14.407407407407407,33,55,1,page_1,22,7,grounds,
130, ,891.8148148148142,187.7,14.407407407407407,33,56,1,page_1,22,7,,
131,h,906.2222222222216,187.7,14.407407407407407,33,57,1,page_1,23,8,here,
132,e,920.629629629629,187.7,14.407407407407407,33,58,1,page_1,23,8,here,
133,r,935.0370370370364,187.7,14.407407407407407,33,59,1,page_1,23,8,here,
134,e,949.4444444444438,187.7,14.407407407407407,33,60,1,page_1,23,8,here,
135, ,963.8518518518512,187.7,14.407407407407407,33,61,1,page_1,23,8,,
136,w,978.2592592592586,187.7,14.407407407407407,33,62,1,page_1,24,9,were,
137,e,992.666666666666,187.7,14.407407407407407,33,63,1,page_1,24,9,were,
138,r,1007.0740740740733,187.7,14.407407407407407,33,64,1,page_1,24,9,were,
139,e,1021.4814814814807,187.7,14.407407407407407,33,65,1,page_1,24,9,were,
140, ,1035.8888888888882,187.7,14.407407407407407,33,66,1,page_1,24,9,,
141,m,1050.2962962962956,187.7,14.407407407407407,33,67,1,page_1,25,10,more,
142,o,1064.703703703703,187.7,14.407407407407407,33,68,1,page_1,25,10,more,
143,r,1079.1111111111104,187.7,14.407407407407407,33,69,1,page_1,25,10,more,
144,e,1093.5185185185178,187.7,14.407407407407407,33,70,1,page_1,25,10,more,
145, ,1107.9259259259252,187.7,14.407407407407407,33,71,1,page_1,25,10,,
146,c,1122.3333333333326,187.7,14.407407407407407,33,72,1,page_1,26,11,"confined,",
147,o,1136.74074074074,187.7,14.407407407407407,33,73,1,page_1,26,11,"confined,",
148,n,1151.1481481481474,187.7,14.407407407407407,33,74,1,page_1,26,11,"confined,",
149,f,1165.5555555555547,187.7,14.407407407407407,33,75,1,page_1,26,11,"confined,",
150,i,1179.9629629629621,187.7,14.407407407407407,33,76,1,page_1,26,11,"confined,",
151,n,1194.3703703703695,187.7,14.407407407407407,33,77,1,page_1,26,11,"confined,",
152,e,1208.777777777777,187.7,14.407407407407407,33,78,1,page_1,26,11,"confined,",
153,d,1223.1851851851843,187.7,14.407407407407407,33,79,1,page_1,26,11,"confined,",
154,",",1237.5925925925917,187.7,14.407407407407407,33,80,1,page_1,26,11,"confined,",
155,t,85.0,283.4,14.4,33,0,2,page_1,27,0,the,
156,h,99.4,283.4,14.4,33,1,2,page_1,27,0,the,
157,e,113.80000000000001,283.4,14.4,33,2,2,page_1,27,0,the,
158, ,128.20000000000002,283.4,14.4,33,3,2,page_1,27,0,,
159,f,142.60000000000002,283.4,14.4,33,4,2,page_1,28,1,flower-beds,
160,l,157.00000000000003,283.4,14.4,33,5,2,page_1,28,1,flower-beds,
161,o,171.40000000000003,283.4,14.4,33,6,2,page_1,28,1,flower-beds,
162,w,185.80000000000004,283.4,14.4,33,7,2,page_1,28,1,flower-beds,
163,e,200.20000000000005,283.4,14.4,33,8,2,page_1,28,1,flower-beds,
164,r,214.60000000000005,283.4,14.4,33,9,2,page_1,28,1,flower-beds,
165,-,229.00000000000006,283.4,14.4,33,10,2,page_1,28,1,flower-beds,
166,b,243.40000000000006,283.4,14.4,33,11,2,page_1,28,1,flower-beds,
167,e,257.80000000000007,283.4,14.4,33,12,2,page_1,28,1,flower-beds,
168,d,272.20000000000005,283.4,14.4,33,13,2,page_1,28,1,flower-beds,
169,s,286.6,283.4,14.4,33,14,2,page_1,28,1,flower-beds,
170, ,301.0,283.4,14.4,33,15,2,page_1,28,1,,
171,s,315.4,283.4,14.4,33,16,2,page_1,29,2,showed,
172,h,329.79999999999995,283.4,14.4,33,17,2,page_1,29,2,showed,
173,o,344.19999999999993,283.4,14.4,33,18,2,page_1,29,2,showed,
174,w,358.5999999999999,283.4,14.4,33,19,2,page_1,29,2,showed,
175,e,372.9999999999999,283.4,14.4,33,20,2,page_1,29,2,showed,
176,d,387.39999999999986,283.4,14.4,33,21,2,page_1,29,2,showed,
177, ,401.79999999999984,283.4,14.4,33,22,2,page_1,29,2,,
178,n,416.1999999999998,283.4,14.4,33,23,2,page_1,30,3,no,
179,o,430.5999999999998,283.4,14.4,33,24,2,page_1,30,3,no,
180, ,444.9999999999998,283.4,14.4,33,25,2,page_1,30,3,,
181,v,459.39999999999975,283.4,14.4,33,26,2,page_1,31,4,very,
182,e,473.7999999999997,283.4,14.4,33,27,2,page_1,31,4,very,
183,r,488.1999999999997,283.4,14.4,33,28,2,page_1,31,4,very,
184,y,502.5999999999997,283.4,14.4,33,29,2,page_1,31,4,very,
185, ,516.9999999999997,283.4,14.4,33,30,2,page_1,31,4,,
186,c,531.3999999999996,283.4,14.4,33,31,2,page_1,32,5,careful,
187,a,545.7999999999996,283.4,14.4,33,32,2,page_1,32,5,careful,
188,r,560.1999999999996,283.4,14.4,33,33,2,page_1,32,5,careful,
189,e,574.5999999999996,283.4,14.4,33,34,2,page_1,32,5,careful,
190,f,588.9999999999995,283.4,14.4,33,35,2,page_1,32,5,careful,
191,u,603.3999999999995,283.4,14.4,33,36,2,page_1,32,5,careful,
192,l,617.7999999999995,283.4,14.4,33,37,2,page_1,32,5,careful,
193, ,632.1999999999995,283.4,14.4,33,38,2,page_1,32,5,,
194,t,646.5999999999995,283.4,14.4,33,39,2,page_1,33,6,"tendance,",
195,e,660.9999999999994,283.4,14.4,33,40,2,page_1,33,6,"tendance,",
196,n,675.3999999999994,283.4,14.4,33,41,2,page_1,33,6,"tendance,",
197,d,689.7999999999994,283.4,14.4,33,42,2,page_1,33,6,"tendance,",
198,a,704.1999999999994,283.4,14.4,33,43,2,page_1,33,6,"tendance,",
199,n,718.5999999999993,283.4,14.4,33,44,2,page_1,33,6,"tendance,",
200,c,732.9999999999993,283.4,14.4,33,45,2,page_1,33,6,"tendance,",
201,e,747.3999999999993,283.4,14.4,33,46,2,page_1,33,6,"tendance,",
202,",",761.7999999999993,283.4,14.4,33,47,2,page_1,33,6,"tendance,",
203, ,776.1999999999992,283.4,14.4,33,48,2,page_1,33,6,,
204,a,790.5999999999992,283.4,14.4,33,49,2,page_1,34,7,and,
205,n,804.9999999999992,283.4,14.4,33,50,2,page_1,34,7,and,
206,d,819.3999999999992,283.4,14.4,33,51,2,page_1,34,7,and,
207, ,833.7999999999992,283.4,14.4,33,52,2,page_1,34,7,,
208,l,848.1999999999991,283.4,14.4,33,53,2,page_1,35,8,large,
209,a,862.5999999999991,283.4,14.4,33,54,2,page_1,35,8,large,
210,r,876.9999999999991,283.4,14.4,33,55,2,page_1,35,8,large,
211,g,891.3999999999991,283.4,14.4,33,56,2,page_1,35,8,large,
212,e,905.799999999999,283.4,14.4,33,57,2,page_1,35,8,large,
213, ,920.199999999999,283.4,14.4,33,58,2,page_1,35,8,,
214,c,934.599999999999,283.4,14.4,33,59,2,page_1,36,9,clumps,
215,l,948.999999999999,283.4,14.4,33,60,2,page_1,36,9,clumps,
216,u,963.399999999999,283.4,14.4,33,61,2,page_1,36,9,clumps,
217,m,977.7999999999989,283.4,14.4,33,62,2,page_1,36,9,clumps,
218,p,992.1999999999989,283.4,14.4,33,63,2,page_1,36,9,clumps,
219,s,1006.5999999999989,283.4,14.4,33,64,2,page_1,36,9,clumps,
220, ,1020.9999999999989,283.4,14.4,33,65,2,page_1,36,9,,
221,o,1035.399999999999,283.4,14.4,33,66,2,page_1,37,10,of,
222,f,1049.799999999999,283.4,14.4,33,67,2,page_1,37,10,of,
223, ,1064.1999999999991,283.4,14.4,33,68,2,page_1,37,10,,
224,t,1078.5999999999992,283.4,14.4,33,69,2,page_1,38,11,"trees,",
225,r,1092.9999999999993,283.4,14.4,33,70,2,page_1,38,11,"trees,",
226,e,1107.3999999999994,283.4,14.4,33,71,2,page_1,38,11,"trees,",
227,e,1121.7999999999995,283.4,14.4,33,72,2,page_1,38,11,"trees,",
228,s,1136.1999999999996,283.4,14.4,33,73,2,page_1,38,11,"trees,",
229,",",1150.5999999999997,283.4,14.4,33,74,2,page_1,38,11,"trees,",
230,c,85.0,379.09999999999997,14.4,33,0,3,page_1,39,0,chiefly,
231,h,99.4,379.09999999999997,14.4,33,1,3,page_1,39,0,chiefly,
232,i,113.80000000000001,379.09999999999997,14.4,33,2,3,page_1,39,0,chiefly,
233,e,128.20000000000002,379.09999999999997,14.4,33,3,3,page_1,39,0,chiefly,
234,f,142.60000000000002,379.09999999999997,14.4,33,4,3,page_1,39,0,chiefly,
235,l,157.00000000000003,379.09999999999997,14.4,33,5,3,page_1,39,0,chiefly,
236,y,171.40000000000003,379.09999999999997,14.4,33,6,3,page_1,39,0,chiefly,
237, ,185.80000000000004,379.09999999999997,14.4,33,7,3,page_1,39,0,,
238,o,200.20000000000005,379.09999999999997,14.4,33,8,3,page_1,40,1,of,
239,f,214.60000000000005,379.09999999999997,14.4,33,9,3,page_1,40,1,of,
240, ,229.00000000000006,379.09999999999997,14.4,33,10,3,page_1,40,1,,
241,s,243.40000000000006,379.09999999999997,14.4,33,11,3,page_1,41,2,sombre,
242,o,257.80000000000007,379.09999999999997,14.4,33,12,3,page_1,41,2,sombre,
243,m,272.20000000000005,379.09999999999997,14.4,33,13,3,page_1,41,2,sombre,
244,b,286.6,379.09999999999997,14.4,33,14,3,page_1,41,2,sombre,
245,r,301.0,379.09999999999997,14.4,33,15,3,page_1,41,2,sombre,
246,e,315.4,379.09999999999997,14.4,33,16,3,page_1,41,2,sombre,
247, ,329.79999999999995,379.09999999999997,14.4,33,17,3,page_1,41,2,,
248,y,344.19999999999993,379.09999999999997,14.4,33,18,3,page_1,42,3,"yews,",
249,e,358.5999999999999,379.09999999999997,14.4,33,19,3,page_1,42,3,"yews,",
250,w,372.9999999999999,379.09999999999997,14.4,33,20,3,page_1,42,3,"yews,",
251,s,387.39999999999986,379.09999999999997,14.4,33,21,3,page_1,42,3,"yews,",
252,",",401.79999999999984,379.09999999999997,14.4,33,22,3,page_1,42,3,"yews,",
253, ,416.1999999999998,379.09999999999997,14.4,33,23,3,page_1,42,3,,
254,h,430.5999999999998,379.09999999999997,14.4,33,24,3,page_1,43,4,had,
255,a,444.9999999999998,379.09999999999997,14.4,33,25,3,page_1,43,4,had,
256,d,459.39999999999975,379.09999999999997,14.4,33,26,3,page_1,43,4,had,
257, ,473.7999999999997,379.09999999999997,14.4,33,27,3,page_1,43,4,,
258,r,488.1999999999997,379.09999999999997,14.4,33,28,3,page_1,44,5,risen,
259,i,502.5999999999997,379.09999999999997,14.4,33,29,3,page_1,44,5,risen,
260,s,516.9999999999997,379.09999999999997,14.4,33,30,3,page_1,44,5,risen,
261,e,531.3999999999996,379.09999999999997,14.4,33,31,3,page_1,44,5,risen,
262,n,545.7999999999996,379.09999999999997,14.4,33,32,3,page_1,44,5,risen,
263, ,560.1999999999996,379.09999999999997,14.4,33,33,3,page_1,44,5,,
264,h,574.5999999999996,379.09999999999997,14.4,33,34,3,page_1,45,6,"high,",
265,i,588.9999999999995,379.09999999999997,14.4,33,35,3,page_1,45,6,"high,",
266,g,603.3999999999995,379.09999999999997,14.4,33,36,3,page_1,45,6,"high,",
267,h,617.7999999999995,379.09999999999997,14.4,33,37,3,page_1,45,6,"high,",
268,",",632.1999999999995,379.09999999999997,14.4,33,38,3,page_1,45,6,"high,",
269, ,646.5999999999995,379.09999999999997,14.4,33,39,3,page_1,45,6,,
270,n,660.9999999999994,379.09999999999997,14.4,33,40,3,page_1,46,7,not,
271,o,675.3999999999994,379.09999999999997,14.4,33,41,3,page_1,46,7,not,
272,t,689.7999999999994,379.09999999999997,14.4,33,42,3,page_1,46,7,not,
273, ,704.1999999999994,379.09999999999997,14.4,33,43,3,page_1,46,7,,
274,t,718.5999999999993,379.09999999999997,14.4,33,44,3,page_1,47,8,ten,
275,e,732.9999999999993,379.09999999999997,14.4,33,45,3,page_1,47,8,ten,
276,n,747.3999999999993,379.09999999999997,14.4,33,46,3,page_1,47,8,ten,
277, ,761.7999999999993,379.09999999999997,14.4,33,47,3,page_1,47,8,,
278,y,776.1999999999992,379.09999999999997,14.4,33,48,3,page_1,48,9,yards,
279,a,790.5999999999992,379.09999999999997,14.4,33,49,3,page_1,48,9,yards,
280,r,804.9999999999992,379.09999999999997,14.4,33,50,3,page_1,48,9,yards,
281,d,819.3999999999992,379.09999999999997,14.4,33,51,3,page_1,48,9,yards,
282,s,833.7999999999992,379.09999999999997,14.4,33,52,3,page_1,48,9,yards,
283, ,848.1999999999991,379.09999999999997,14.4,33,53,3,page_1,48,9,,
284,f,862.5999999999991,379.09999999999997,14.4,33,54,3,page_1,49,10,from,
285,r,876.9999999999991,379.09999999999997,14.4,33,55,3,page_1,49,10,from,
286,o,891.3999999999991,379.09999999999997,14.4,33,56,3,page_1,49,10,from,
287,m,905.799999999999,379.09999999999997,14.4,33,57,3,page_1,49,10,from,
288, ,920.199999999999,379.09999999999997,14.4,33,58,3,page_1,49,10,,
289,t,934.599999999999,379.09999999999997,14.4,33,59,3,page_1,50,11,the,
290,h,948.999999999999,379.09999999999997,14.4,33,60,3,page_1,50,11,the,
291,e,963.399999999999,379.09999999999997,14.4,33,61,3,page_1,50,11,the,
292, ,977.7999999999989,379.09999999999997,14.4,33,62,3,page_1,50,11,,
293,w,992.1999999999989,379.09999999999997,14.4,33,63,3,page_1,51,12,windows.,
294,i,1006.5999999999989,379.09999999999997,14.4,33,64,3,page_1,51,12,windows.,
295,n,1020.9999999999989,379.09999999999997,14.4,33,65,3,page_1,51,12,windows.,
296,d,1035.399999999999,379.09999999999997,14.4,33,66,3,page_1,51,12,windows.,
297,o,1049.799999999999,379.09999999999997,14.4,33,67,3,page_1,51,12,windows.,
298,w,1064.1999999999991,379.09999999999997,14.4,33,68,3,page_1,51,12,windows.,
299,s,1078.5999999999992,379.09999999999997,14.4,33,69,3,page_1,51,12,windows.,
300,.,1092.9999999999993,379.09999999999997,14.4,33,70,3,page_1,51,12,windows.,
301, ,1107.3999999999994,379.09999999999997,14.4,33,71,3,page_1,51,12,,
302,T,1121.7999999999995,379.09999999999997,14.4,33,72,3,page_1,52,13,The,
303,h,1136.1999999999996,379.09999999999997,14.4,33,73,3,page_1,52,13,The,
304,e,1150.5999999999997,379.09999999999997,14.4,33,74,3,page_1,52,13,The,
305,b,85.0,474.79999999999995,14.402777777777779,33,0,4,page_1,53,0,"building,",
306,u,99.40277777777777,474.79999999999995,14.402777777777779,33,1,4,page_1,53,0,"building,",
307,i,113.80555555555554,474.79999999999995,14.402777777777779,33,2,4,page_1,53,0,"building,",
308,l,128.20833333333331,474.79999999999995,14.402777777777779,33,3,4,page_1,53,0,"building,",
309,d,142.6111111111111,474.79999999999995,14.402777777777779,33,4,4,page_1,53,0,"building,",
310,i,157.01388888888886,474.79999999999995,14.402777777777779,33,5,4,page_1,53,0,"building,",
311,n,171.41666666666663,474.79999999999995,14.402777777777779,33,6,4,page_1,53,0,"building,",
312,g,185.8194444444444,474.79999999999995,14.402777777777779,33,7,4,page_1,53,0,"building,",
313,",",200.22222222222217,474.79999999999995,14.402777777777779,33,8,4,page_1,53,0,"building,",
314, ,214.62499999999994,474.79999999999995,14.402777777777779,33,9,4,page_1,53,0,,
315,o,229.02777777777771,474.79999999999995,14.402777777777779,33,10,4,page_1,54,1,of,
316,f,243.4305555555555,474.79999999999995,14.402777777777779,33,11,4,page_1,54,1,of,
317, ,257.83333333333326,474.79999999999995,14.402777777777779,33,12,4,page_1,54,1,,
318,g,272.23611111111103,474.79999999999995,14.402777777777779,33,13,4,page_1,55,2,greenish,
319,r,286.6388888888888,474.79999999999995,14.402777777777779,33,14,4,page_1,55,2,greenish,
320,e,301.0416666666666,474.79999999999995,14.402777777777779,33,15,4,page_1,55,2,greenish,
321,e,315.44444444444434,474.79999999999995,14.402777777777779,33,16,4,page_1,55,2,greenish,
322,n,329.8472222222221,474.79999999999995,14.402777777777779,33,17,4,page_1,55,2,greenish,
323,i,344.2499999999999,474.79999999999995,14.402777777777779,33,18,4,page_1,55,2,greenish,
324,s,358.65277777777766,474.79999999999995,14.402777777777779,33,19,4,page_1,55,2,greenish,
325,h,373.05555555555543,474.79999999999995,14.402777777777779,33,20,4,page_1,55,2,greenish,
326, ,387.4583333333332,474.79999999999995,14.402777777777779,33,21,4,page_1,55,2,,
327,s,401.861111111111,474.79999999999995,14.402777777777779,33,22,4,page_1,56,3,"stone,",
328,t,416.26388888888874,474.79999999999995,14.402777777777779,33,23,4,page_1,56,3,"stone,",
329,o,430.6666666666665,474.79999999999995,14.402777777777779,33,24,4,page_1,56,3,"stone,",
330,n,445.0694444444443,474.79999999999995,14.402777777777779,33,25,4,page_1,56,3,"stone,",
331,e,459.47222222222206,474.79999999999995,14.402777777777779,33,26,4,page_1,56,3,"stone,",
332,",",473.87499999999983,474.79999999999995,14.402777777777779,33,27,4,page_1,56,3,"stone,",
333, ,488.2777777777776,474.79999999999995,14.402777777777779,33,28,4,page_1,56,3,,
334,w,502.6805555555554,474.79999999999995,14.402777777777779,33,29,4,page_1,57,4,was,
335,a,517.0833333333331,474.79999999999995,14.402777777777779,33,30,4,page_1,57,4,was,
336,s,531.486111111111,474.79999999999995,14.402777777777779,33,31,4,page_1,57,4,was,
337, ,545.8888888888888,474.79999999999995,14.402777777777779,33,32,4,page_1,57,4,,
338,i,560.2916666666666,474.79999999999995,14.402777777777779,33,33,4,page_1,58,5,in,
339,n,574.6944444444445,474.79999999999995,14.402777777777779,33,34,4,page_1,58,5,in,
340, ,589.0972222222223,474.79999999999995,14.402777777777779,33,35,4,page_1,58,5,,
341,t,603.5000000000001,474.79999999999995,14.402777777777779,33,36,4,page_1,59,6,the,
342,h,617.9027777777779,474.79999999999995,14.402777777777779,33,37,4,page_1,59,6,the,
343,e,632.3055555555558,474.79999999999995,14.402777777777779,33,38,4,page_1,59,6,the,
344, ,646.7083333333336,474.79999999999995,14.402777777777779,33,39,4,page_1,59,6,,
345,o,661.1111111111114,474.79999999999995,14.402777777777779,33,40,4,page_1,60,7,old,
346,l,675.5138888888893,474.79999999999995,14.402777777777779,33,41,4,page_1,60,7,old,
347,d,689.9166666666671,474.79999999999995,14.402777777777779,33,42,4,page_1,60,7,old,
348, ,704.3194444444449,474.79999999999995,14.402777777777779,33,43,4,page_1,60,7,,
349,E,718.7222222222227,474.79999999999995,14.402777777777779,33,44,4,page_1,61,8,English,
350,n,733.1250000000006,474.79999999999995,14.402777777777779,33,45,4,page_1,61,8,English,
351,g,747.5277777777784,474.79999999999995,14.402777777777779,33,46,4,page_1,61,8,English,
352,l,761.9305555555562,474.79999999999995,14.402777777777779,33,47,4,page_1,61,8,English,
353,i,776.333333333334,474.79999999999995,14.402777777777779,33,48,4,page_1,61,8,English,
354,s,790.7361111111119,474.79999999999995,14.402777777777779,33,49,4,page_1,61,8,English,
355,h,805.1388888888897,474.79999999999995,14.402777777777779,33,50,4,page_1,61,8,English,
356, ,819.5416666666675,474.79999999999995,14.402777777777779,33,51,4,page_1,61,8,,
357,s,833.9444444444454,474.79999999999995,14.402777777777779,33,52,4,page_1,62,9,"style,",
358,t,848.3472222222232,474.79999999999995,14.402777777777779,33,53,4,page_1,62,9,"style,",
359,y,862.750000000001,474.79999999999995,14.402777777777779,33,54,4,page_1,62,9,"style,",
360,l,877.1527777777789,474.79999999999995,14.402777777777779,33,55,4,page_1,62,9,"style,",
361,e,891.5555555555567,474.79999999999995,14.402777777777779,33,56,4,page_1,62,9,"style,",
362,",",905.9583333333345,474.79999999999995,14.402777777777779,33,57,4,page_1,62,9,"style,",
363, ,920.3611111111123,474.79999999999995,14.402777777777779,33,58,4,page_1,62,9,,
364,n,934.7638888888902,474.79999999999995,14.402777777777779,33,59,4,page_1,63,10,not,
365,o,949.166666666668,474.79999999999995,14.402777777777779,33,60,4,page_1,63,10,not,
366,t,963.5694444444458,474.79999999999995,14.402777777777779,33,61,4,page_1,63,10,not,
367, ,977.9722222222236,474.79999999999995,14.402777777777779,33,62,4,page_1,63,10,,
368,u,992.3750000000015,474.79999999999995,14.402777777777779,33,63,4,page_1,64,11,"ugly,",
369,g,1006.7777777777793,474.79999999999995,14.402777777777779,33,64,4,page_1,64,11,"ugly,",
370,l,1021.1805555555571,474.79999999999995,14.402777777777779,33,65,4,page_1,64,11,"ugly,",
371,y,1035.5833333333348,474.79999999999995,14.402777777777779,33,66,4,page_1,64,11,"ugly,",
372,",",1049.9861111111127,474.79999999999995,14.402777777777779,33,67,4,page_1,64,11,"ugly,",
373, ,1064.3888888888905,474.79999999999995,14.402777777777779,33,68,4,page_1,64,11,,
374,b,1078.7916666666683,474.79999999999995,14.402777777777779,33,69,4,page_1,65,12,but,
375,u,1093.1944444444462,474.79999999999995,14.402777777777779,33,70,4,page_1,65,12,but,
376,t,1107.597222222224,474.79999999999995,14.402777777777779,33,71,4,page_1,65,12,but,
377,s,85.0,570.5,14.407407407407407,33,0,5,page_1,66,0,small-windowed,
378,m,99.4074074074074,570.5,14.407407407407407,33,1,5,page_1,66,0,small-windowed,
379,a,113.81481481481481,570.5,14.407407407407407,33,2,5,page_1,66,0,small-windowed,
380,l,128.22222222222223,570.5,14.407407407407407,33,3,5,page_1,66,0,small-windowed,
381,l,142.62962962962965,570.5,14.407407407407407,33,4,5,page_1,66,0,small-windowed,
382,-,157.03703703703707,570.5,14.407407407407407,33,5,5,page_1,66,0,small-windowed,
383,w,171.44444444444449,570.5,14.407407407407407,33,6,5,page_1,66,0,small-windowed,
384,i,185.8518518518519,570.5,14.407407407407407,33,7,5,page_1,66,0,small-windowed,
385,n,200.25925925925932,570.5,14.407407407407407,33,8,5,page_1,66,0,small-windowed,
386,d,214.66666666666674,570.5,14.407407407407407,33,9,5,page_1,66,0,small-windowed,
387,o,229.07407407407416,570.5,14.407407407407407,33,10,5,page_1,66,0,small-windowed,
388,w,243.48148148148158,570.5,14.407407407407407,33,11,5,page_1,66,0,small-windowed,
389,e,257.88888888888897,570.5,14.407407407407407,33,12,5,page_1,66,0,small-windowed,
390,d,272.29629629629636,570.5,14.407407407407407,33,13,5,page_1,66,0,small-windowed,
391, ,286.70370370370375,570.5,14.407407407407407,33,14,5,page_1,66,0,,
392,a,301.11111111111114,570.5,14.407407407407407,33,15,5,page_1,67,1,and,
393,n,315.51851851851853,570.5,14.407407407407407,33,16,5,page_1,67,1,and,
394,d,329.9259259259259,570.5,14.407407407407407,33,17,5,page_1,67,1,and,
395, ,344.3333333333333,570.5,14.407407407407407,33,18,5,page_1,67,1,,
396,m,358.7407407407407,570.5,14.407407407407407,33,19,5,page_1,68,2,melancholy-looking:,
397,e,373.1481481481481,570.5,14.407407407407407,33,20,5,page_1,68,2,melancholy-looking:,
398,l,387.5555555555555,570.5,14.407407407407407,33,21,5,page_1,68,2,melancholy-looking:,
399,a,401.9629629629629,570.5,14.407407407407407,33,22,5,page_1,68,2,melancholy-looking:,
400,n,416.37037037037027,570.5,14.407407407407407,33,23,5,page_1,68,2,melancholy-looking:,
401,c,430.77777777777766,570.5,14.407407407407407,33,24,5,page_1,68,2,melancholy-looking:,
402,h,445.18518518518505,570.5,14.407407407407407,33,25,5,page_1,68,2,melancholy-looking:,
403,o,459.59259259259244,570.5,14.407407407407407,33,26,5,page_1,68,2,melancholy-looking:,
404,l,473.99999999999983,570.5,14.407407407407407,33,27,5,page_1,68,2,melancholy-looking:,
405,y,488.4074074074072,570.5,14.407407407407407,33,28,5,page_1,68,2,melancholy-looking:,
406,-,502.8148148148146,570.5,14.407407407407407,33,29,5,page_1,68,2,melancholy-looking:,
407,l,517.2222222222221,570.5,14.407407407407407,33,30,5,page_1,68,2,melancholy-looking:,
408,o,531.6296296296294,570.5,14.407407407407407,33,31,5,page_1,68,2,melancholy-looking:,
409,o,546.0370370370368,570.5,14.407407407407407,33,32,5,page_1,68,2,melancholy-looking:,
410,k,560.4444444444442,570.5,14.407407407407407,33,33,5,page_1,68,2,melancholy-looking:,
411,i,574.8518518518516,570.5,14.407407407407407,33,34,5,page_1,68,2,melancholy-looking:,
412,n,589.259259259259,570.5,14.407407407407407,33,35,5,page_1,68,2,melancholy-looking:,
413,g,603.6666666666664,570.5,14.407407407407407,33,36,5,page_1,68,2,melancholy-looking:,
414,:,618.0740740740738,570.5,14.407407407407407,33,37,5,page_1,68,2,melancholy-looking:,
415, ,632.4814814814812,570.5,14.407407407407407,33,38,5,page_1,68,2,,
416,t,646.8888888888886,570.5,14.407407407407407,33,39,5,page_1,69,3,the,
417,h,661.296296296296,570.5,14.407407407407407,33,40,5,page_1,69,3,the,
418,e,675.7037037037034,570.5,14.407407407407407,33,41,5,page_1,69,3,the,
419, ,690.1111111111107,570.5,14.407407407407407,33,42,5,page_1,69,3,,
420,s,704.5185185185181,570.5,14.407407407407407,33,43,5,page_1,70,4,sort,
421,o,718.9259259259255,570.5,14.407407407407407,33,44,5,page_1,70,4,sort,
422,r,733.3333333333329,570.5,14.407407407407407,33,45,5,page_1,70,4,sort,
423,t,747.7407407407403,570.5,14.407407407407407,33,46,5,page_1,70,4,sort,
424, ,762.1481481481477,570.5,14.407407407407407,33,47,5,page_1,70,4,,
425,o,776.5555555555551,570.5,14.407407407407407,33,48,5,page_1,71,5,of,
426,f,790.9629629629625,570.5,14.407407407407407,33,49,5,page_1,71,5,of,
427, ,805.3703703703699,570.5,14.407407407407407,33,50,5,page_1,71,5,,
428,h,819.7777777777773,570.5,14.407407407407407,33,51,5,page_1,72,6,house,
429,o,834.1851851851847,570.5,14.407407407407407,33,52,5,page_1,72,6,house,
430,u,848.592592592592,570.5,14.407407407407407,33,53,5,page_1,72,6,house,
431,s,862.9999999999994,570.5,14.407407407407407,33,54,5,page_1,72,6,house,
432,e,877.4074074074068,570.5,14.407407407407407,33,55,5,page_1,72,6,house,
433, ,891.8148148148142,570.5,14.407407407407407,33,56,5,page_1,72,6,,
434,t,906.2222222222216,570.5,14.407407407407407,33,57,5,page_1,73,7,that,
435,h,920.629629629629,570.5,14.407407407407407,33,58,5,page_1,73,7,that,
436,a,935.0370370370364,570.5,14.407407407407407,33,59,5,page_1,73,7,that,
437,t,949.4444444444438,570.5,14.407407407407407,33,60,5,page_1,73,7,that,
438, ,963.8518518518512,570.5,14.407407407407407,33,61,5,page_1,73,7,,
439,m,978.2592592592586,570.5,14.407407407407407,33,62,5,page_1,74,8,must,
440,u,992.666666666666,570.5,14.407407407407407,33,63,5,page_1,74,8,must,
441,s,1007.0740740740733,570.5,14.407407407407407,33,64,5,page_1,74,8,must,
442,t,1021.4814814814807,570.5,14.407407407407407,33,65,5,page_1,74,8,must,
443, ,1035.8888888888882,570.5,14.407407407407407,33,66,5,page_1,74,8,,
444,h,1050.2962962962956,570.5,14.407407407407407,33,67,5,page_1,75,9,have,
445,a,1064.703703703703,570.5,14.407407407407407,33,68,5,page_1,75,9,have,
446,v,1079.1111111111104,570.5,14.407407407407407,33,69,5,page_1,75,9,have,
447,e,1093.5185185185178,570.5,14.407407407407407,33,70,5,page_1,75,9,have,
448, ,1107.9259259259252,570.5,14.407407407407407,33,71,5,page_1,75,9,,
449,c,1122.3333333333326,570.5,14.407407407407407,33,72,5,page_1,76,10,"children,",
450,h,1136.74074074074,570.5,14.407407407407407,33,73,5,page_1,76,10,"children,",
451,i,1151.1481481481474,570.5,14.407407407407407,33,74,5,page_1,76,10,"children,",
452,l,1165.5555555555547,570.5,14.407407407407407,33,75,5,page_1,76,10,"children,",
453,d,1179.9629629629621,570.5,14.407407407407407,33,76,5,page_1,76,10,"children,",
454,r,1194.3703703703695,570.5,14.407407407407407,33,77,5,page_1,76,10,"children,",
455,e,1208.777777777777,570.5,14.407407407407407,33,78,5,page_1,76,10,"children,",
456,n,1223.1851851851843,570.5,14.407407407407407,33,79,5,page_1,76,10,"children,",
457,",",1237.5925925925917,570.5,14.407407407407407,33,80,5,page_1,76,10,"children,",
458,m,85.0,666.2,14.407407407407407,33,0,6,page_1,77,0,many,
459,a,99.4074074074074,666.2,14.407407407407407,33,1,6,page_1,77,0,many,
460,n,113.81481481481481,666.2,14.407407407407407,33,2,6,page_1,77,0,many,
461,y,128.22222222222223,666.2,14.407407407407407,33,3,6,page_1,77,0,many,
462, ,142.62962962962965,666.2,14.407407407407407,33,4,6,page_1,77,0,,
463,f,157.03703703703707,666.2,14.407407407407407,33,5,6,page_1,78,1,"flowers,",
464,l,171.44444444444449,666.2,14.407407407407407,33,6,6,page_1,78,1,"flowers,",
465,o,185.8518518518519,666.2,14.407407407407407,33,7,6,page_1,78,1,"flowers,",
466,w,200.25925925925932,666.2,14.407407407407407,33,8,6,page_1,78,1,"flowers,",
467,e,214.66666666666674,666.2,14.407407407407407,33,9,6,page_1,78,1,"flowers,",
468,r,229.07407407407416,666.2,14.407407407407407,33,10,6,page_1,78,1,"flowers,",
469,s,243.48148148148158,666.2,14.407407407407407,33,11,6,page_1,78,1,"flowers,",
470,",",257.88888888888897,666.2,14.407407407407407,33,12,6,page_1,78,1,"flowers,",
471, ,272.29629629629636,666.2,14.407407407407407,33,13,6,page_1,78,1,,
472,o,286.70370370370375,666.2,14.407407407407407,33,14,6,page_1,79,2,open,
473,p,301.11111111111114,666.2,14.407407407407407,33,15,6,page_1,79,2,open,
474,e,315.51851851851853,666.2,14.407407407407407,33,16,6,page_1,79,2,open,
475,n,329.9259259259259,666.2,14.407407407407407,33,17,6,page_1,79,2,open,
476, ,344.3333333333333,666.2,14.407407407407407,33,18,6,page_1,79,2,,
477,w,358.7407407407407,666.2,14.407407407407407,33,19,6,page_1,80,3,"windows,",
478,i,373.1481481481481,666.2,14.407407407407407,33,20,6,page_1,80,3,"windows,",
479,n,387.5555555555555,666.2,14.407407407407407,33,21,6,page_1,80,3,"windows,",
480,d,401.9629629629629,666.2,14.407407407407407,33,22,6,page_1,80,3,"windows,",
481,o,416.37037037037027,666.2,14.407407407407407,33,23,6,page_1,80,3,"windows,",
482,w,430.77777777777766,666.2,14.407407407407407,33,24,6,page_1,80,3,"windows,",
483,s,445.18518518518505,666.2,14.407407407407407,33,25,6,page_1,80,3,"windows,",
484,",",459.59259259259244,666.2,14.407407407407407,33,26,6,page_1,80,3,"windows,",
485, ,473.99999999999983,666.2,14.407407407407407,33,27,6,page_1,80,3,,
486,a,488.4074074074072,666.2,14.407407407407407,33,28,6,page_1,81,4,and,
487,n,502.8148148148146,666.2,14.407407407407407,33,29,6,page_1,81,4,and,
488,d,517.2222222222221,666.2,14.407407407407407,33,30,6,page_1,81,4,and,
489, ,531.6296296296294,666.2,14.407407407407407,33,31,6,page_1,81,4,,
490,l,546.0370370370368,666.2,14.407407407407407,33,32,6,page_1,82,5,little,
491,i,560.4444444444442,666.2,14.407407407407407,33,33,6,page_1,82,5,little,
492,t,574.8518518518516,666.2,14.407407407407407,33,34,6,page_1,82,5,little,
493,t,589.259259259259,666.2,14.407407407407407,33,35,6,page_1,82,5,little,
494,l,603.6666666666664,666.2,14.407407407407407,33,36,6,page_1,82,5,little,
495,e,618.0740740740738,666.2,14.407407407407407,33,37,6,page_1,82,5,little,
496, ,632.4814814814812,666.2,14.407407407407407,33,38,6,page_1,82,5,,
497,v,646.8888888888886,666.2,14.407407407407407,33,39,6,page_1,83,6,vistas,
498,i,661.296296296296,666.2,14.407407407407407,33,40,6,page_1,83,6,vistas,
499,s,675.7037037037034,666.2,14.407407407407407,33,41,6,page_1,83,6,vistas,
500,t,690.1111111111107,666.2,14.407407407407407,33,42,6,page_1,83,6,vistas,
501,a,704.5185185185181,666.2,14.407407407407407,33,43,6,page_1,83,6,vistas,
502,s,718.9259259259255,666.2,14.407407407407407,33,44,6,page_1,83,6,vistas,
503, ,733.3333333333329,666.2,14.407407407407407,33,45,6,page_1,83,6,,
504,o,747.7407407407403,666.2,14.407407407407407,33,46,6,page_1,84,7,of,
505,f,762.1481481481477,666.2,14.407407407407407,33,47,6,page_1,84,7,of,
506, ,776.5555555555551,666.2,14.407407407407407,33,48,6,page_1,84,7,,
507,b,790.9629629629625,666.2,14.407407407407407,33,49,6,page_1,85,8,bright,
508,r,805.3703703703699,666.2,14.407407407407407,33,50,6,page_1,85,8,bright,
509,i,819.7777777777773,666.2,14.407407407407407,33,51,6,page_1,85,8,bright,
510,g,834.1851851851847,666.2,14.407407407407407,33,52,6,page_1,85,8,bright,
511,h,848.592592592592,666.2,14.407407407407407,33,53,6,page_1,85,8,bright,
512,t,862.9999999999994,666.2,14.407407407407407,33,54,6,page_1,85,8,bright,
513, ,877.4074074074068,666.2,14.407407407407407,33,55,6,page_1,85,8,,
514,t,891.8148148148142,666.2,14.407407407407407,33,56,6,page_1,86,9,"things,",
515,h,906.2222222222216,666.2,14.407407407407407,33,57,6,page_1,86,9,"things,",
516,i,920.629629629629,666.2,14.407407407407407,33,58,6,page_1,86,9,"things,",
517,n,935.0370370370364,666.2,14.407407407407407,33,59,6,page_1,86,9,"things,",
518,g,949.4444444444438,666.2,14.407407407407407,33,60,6,page_1,86,9,"things,",
519,s,963.8518518518512,666.2,14.407407407407407,33,61,6,page_1,86,9,"things,",
520,",",978.2592592592586,666.2,14.407407407407407,33,62,6,page_1,86,9,"things,",
521, ,992.666666666666,666.2,14.407407407407407,33,63,6,page_1,86,9,,
522,t,1007.0740740740733,666.2,14.407407407407407,33,64,6,page_1,87,10,to,
523,o,1021.4814814814807,666.2,14.407407407407407,33,65,6,page_1,87,10,to,
524, ,1035.8888888888882,666.2,14.407407407407407,33,66,6,page_1,87,10,,
525,m,1050.2962962962956,666.2,14.407407407407407,33,67,6,page_1,88,11,make,
526,a,1064.703703703703,666.2,14.407407407407407,33,68,6,page_1,88,11,make,
527,k,1079.1111111111104,666.2,14.407407407407407,33,69,6,page_1,88,11,make,
528,e,1093.5185185185178,666.2,14.407407407407407,33,70,6,page_1,88,11,make,
529, ,1107.9259259259252,666.2,14.407407407407407,33,71,6,page_1,88,11,,
530,i,1122.3333333333326,666.2,14.407407407407407,33,72,6,page_1,89,12,it,
531,t,1136.74074074074,666.2,14.407407407407407,33,73,6,page_1,89,12,it,
532, ,1151.1481481481474,666.2,14.407407407407407,33,74,6,page_1,89,12,,
533,s,1165.5555555555547,666.2,14.407407407407407,33,75,6,page_1,90,13,seem,
534,e,1179.9629629629621,666.2,14.407407407407407,33,76,6,page_1,90,13,seem,
535,e,1194.3703703703695,666.2,14.407407407407407,33,77,6,page_1,90,13,seem,
536,m,1208.777777777777,666.2,14.407407407407407,33,78,6,page_1,90,13,seem,
537, ,1223.1851851851843,666.2,14.407407407407407,33,79,6,page_1,90,13,,
538,a,1237.5925925925917,666.2,14.407407407407407,33,80,6,page_1,91,14,a,
539,j,85.0,761.9000000000001,14.416666666666666,33,0,7,page_1,92,0,joyous,
540,o,99.41666666666667,761.9000000000001,14.416666666666666,33,1,7,page_1,92,0,joyous,
541,y,113.83333333333334,761.9000000000001,14.416666666666666,33,2,7,page_1,92,0,joyous,
542,o,128.25,761.9000000000001,14.416666666666666,33,3,7,page_1,92,0,joyous,
543,u,142.66666666666666,761.9000000000001,14.416666666666666,33,4,7,page_1,92,0,joyous,
544,s,157.08333333333331,761.9000000000001,14.416666666666666,33,5,7,page_1,92,0,joyous,
545, ,171.49999999999997,761.9000000000001,14.416666666666666,33,6,7,page_1,92,0,,
546,h,185.91666666666663,761.9000000000001,14.416666666666666,33,7,7,page_1,93,1,home.,
547,o,200.3333333333333,761.9000000000001,14.416666666666666,33,8,7,page_1,93,1,home.,
548,m,214.74999999999994,761.9000000000001,14.416666666666666,33,9,7,page_1,93,1,home.,
549,e,229.1666666666666,761.9000000000001,14.416666666666666,33,10,7,page_1,93,1,home.,
550,.,243.58333333333326,761.9000000000001,14.416666666666666,33,11,7,page_1,93,1,home.,
